# 局部似大地水准面格网样例（列: lon,lat,ξ m; 规则格网 0.01°）
# ξ(lon,lat) = 12.0 + 0.0008*(lon-114)*100 + 0.0005*(lat-30)*100
113.90,29.90,11.9870
113.91,29.90,11.9878
113.92,29.90,11.9886
113.93,29.90,11.9894
113.94,29.90,11.9902
113.95,29.90,11.9910
113.96,29.90,11.9918
113.97,29.90,11.9926
113.98,29.90,11.9934
113.99,29.90,11.9942
114.00,29.90,11.9950
114.01,29.90,11.9958
114.02,29.90,11.9966
114.03,29.90,11.9974
114.04,29.90,11.9982
114.05,29.90,11.9990
114.06,29.90,11.9998
114.07,29.90,12.0006
114.08,29.90,12.0014
114.09,29.90,12.0022
114.10,29.90,12.0030
113.90,29.91,11.9875
113.91,29.91,11.9883
113.92,29.91,11.9891
113.93,29.91,11.9899
113.94,29.91,11.9907
113.95,29.91,11.9915
113.96,29.91,11.9923
113.97,29.91,11.9931
113.98,29.91,11.9939
113.99,29.91,11.9947
114.00,29.91,11.9955
114.01,29.91,11.9963
114.02,29.91,11.9971
114.03,29.91,11.9979
114.04,29.91,11.9987
114.05,29.91,11.9995
114.06,29.91,12.0003
114.07,29.91,12.0011
114.08,29.91,12.0019
114.09,29.91,12.0027
114.10,29.91,12.0035
113.90,29.92,11.9880
113.91,29.92,11.9888
113.92,29.92,11.9896
113.93,29.92,11.9904
113.94,29.92,11.9912
113.95,29.92,11.9920
113.96,29.92,11.9928
113.97,29.92,11.9936
113.98,29.92,11.9944
113.99,29.92,11.9952
114.00,29.92,11.9960
114.01,29.92,11.9968
114.02,29.92,11.9976
114.03,29.92,11.9984
114.04,29.92,11.9992
114.05,29.92,12.0000
114.06,29.92,12.0008
114.07,29.92,12.0016
114.08,29.92,12.0024
114.09,29.92,12.0032
114.10,29.92,12.0040
113.90,29.93,11.9885
113.91,29.93,11.9893
113.92,29.93,11.9901
113.93,29.93,11.9909
113.94,29.93,11.9917
113.95,29.93,11.9925
113.96,29.93,11.9933
113.97,29.93,11.9941
113.98,29.93,11.9949
113.99,29.93,11.9957
114.00,29.93,11.9965
114.01,29.93,11.9973
114.02,29.93,11.9981
114.03,29.93,11.9989
114.04,29.93,11.9997
114.05,29.93,12.0005
114.06,29.93,12.0013
114.07,29.93,12.0021
114.08,29.93,12.0029
114.09,29.93,12.0037
114.10,29.93,12.0045
113.90,29.94,11.9890
113.91,29.94,11.9898
113.92,29.94,11.9906
113.93,29.94,11.9914
113.94,29.94,11.9922
113.95,29.94,11.9930
113.96,29.94,11.9938
113.97,29.94,11.9946
113.98,29.94,11.9954
113.99,29.94,11.9962
114.00,29.94,11.9970
114.01,29.94,11.9978
114.02,29.94,11.9986
114.03,29.94,11.9994
114.04,29.94,12.0002
114.05,29.94,12.0010
114.06,29.94,12.0018
114.07,29.94,12.0026
114.08,29.94,12.0034
114.09,29.94,12.0042
114.10,29.94,12.0050
113.90,29.95,11.9895
113.91,29.95,11.9903
113.92,29.95,11.9911
113.93,29.95,11.9919
113.94,29.95,11.9927
113.95,29.95,11.9935
113.96,29.95,11.9943
113.97,29.95,11.9951
113.98,29.95,11.9959
113.99,29.95,11.9967
114.00,29.95,11.9975
114.01,29.95,11.9983
114.02,29.95,11.9991
114.03,29.95,11.9999
114.04,29.95,12.0007
114.05,29.95,12.0015
114.06,29.95,12.0023
114.07,29.95,12.0031
114.08,29.95,12.0039
114.09,29.95,12.0047
114.10,29.95,12.0055
113.90,29.96,11.9900
113.91,29.96,11.9908
113.92,29.96,11.9916
113.93,29.96,11.9924
113.94,29.96,11.9932
113.95,29.96,11.9940
113.96,29.96,11.9948
113.97,29.96,11.9956
113.98,29.96,11.9964
113.99,29.96,11.9972
114.00,29.96,11.9980
114.01,29.96,11.9988
114.02,29.96,11.9996
114.03,29.96,12.0004
114.04,29.96,12.0012
114.05,29.96,12.0020
114.06,29.96,12.0028
114.07,29.96,12.0036
114.08,29.96,12.0044
114.09,29.96,12.0052
114.10,29.96,12.0060
113.90,29.97,11.9905
113.91,29.97,11.9913
113.92,29.97,11.9921
113.93,29.97,11.9929
113.94,29.97,11.9937
113.95,29.97,11.9945
113.96,29.97,11.9953
113.97,29.97,11.9961
113.98,29.97,11.9969
113.99,29.97,11.9977
114.00,29.97,11.9985
114.01,29.97,11.9993
114.02,29.97,12.0001
114.03,29.97,12.0009
114.04,29.97,12.0017
114.05,29.97,12.0025
114.06,29.97,12.0033
114.07,29.97,12.0041
114.08,29.97,12.0049
114.09,29.97,12.0057
114.10,29.97,12.0065
113.90,29.98,11.9910
113.91,29.98,11.9918
113.92,29.98,11.9926
113.93,29.98,11.9934
113.94,29.98,11.9942
113.95,29.98,11.9950
113.96,29.98,11.9958
113.97,29.98,11.9966
113.98,29.98,11.9974
113.99,29.98,11.9982
114.00,29.98,11.9990
114.01,29.98,11.9998
114.02,29.98,12.0006
114.03,29.98,12.0014
114.04,29.98,12.0022
114.05,29.98,12.0030
114.06,29.98,12.0038
114.07,29.98,12.0046
114.08,29.98,12.0054
114.09,29.98,12.0062
114.10,29.98,12.0070
113.90,29.99,11.9915
113.91,29.99,11.9923
113.92,29.99,11.9931
113.93,29.99,11.9939
113.94,29.99,11.9947
113.95,29.99,11.9955
113.96,29.99,11.9963
113.97,29.99,11.9971
113.98,29.99,11.9979
113.99,29.99,11.9987
114.00,29.99,11.9995
114.01,29.99,12.0003
114.02,29.99,12.0011
114.03,29.99,12.0019
114.04,29.99,12.0027
114.05,29.99,12.0035
114.06,29.99,12.0043
114.07,29.99,12.0051
114.08,29.99,12.0059
114.09,29.99,12.0067
114.10,29.99,12.0075
113.90,30.00,11.9920
113.91,30.00,11.9928
113.92,30.00,11.9936
113.93,30.00,11.9944
113.94,30.00,11.9952
113.95,30.00,11.9960
113.96,30.00,11.9968
113.97,30.00,11.9976
113.98,30.00,11.9984
113.99,30.00,11.9992
114.00,30.00,12.0000
114.01,30.00,12.0008
114.02,30.00,12.0016
114.03,30.00,12.0024
114.04,30.00,12.0032
114.05,30.00,12.0040
114.06,30.00,12.0048
114.07,30.00,12.0056
114.08,30.00,12.0064
114.09,30.00,12.0072
114.10,30.00,12.0080
113.90,30.01,11.9925
113.91,30.01,11.9933
113.92,30.01,11.9941
113.93,30.01,11.9949
113.94,30.01,11.9957
113.95,30.01,11.9965
113.96,30.01,11.9973
113.97,30.01,11.9981
113.98,30.01,11.9989
113.99,30.01,11.9997
114.00,30.01,12.0005
114.01,30.01,12.0013
114.02,30.01,12.0021
114.03,30.01,12.0029
114.04,30.01,12.0037
114.05,30.01,12.0045
114.06,30.01,12.0053
114.07,30.01,12.0061
114.08,30.01,12.0069
114.09,30.01,12.0077
114.10,30.01,12.0085
113.90,30.02,11.9930
113.91,30.02,11.9938
113.92,30.02,11.9946
113.93,30.02,11.9954
113.94,30.02,11.9962
113.95,30.02,11.9970
113.96,30.02,11.9978
113.97,30.02,11.9986
113.98,30.02,11.9994
113.99,30.02,12.0002
114.00,30.02,12.0010
114.01,30.02,12.0018
114.02,30.02,12.0026
114.03,30.02,12.0034
114.04,30.02,12.0042
114.05,30.02,12.0050
114.06,30.02,12.0058
114.07,30.02,12.0066
114.08,30.02,12.0074
114.09,30.02,12.0082
114.10,30.02,12.0090
113.90,30.03,11.9935
113.91,30.03,11.9943
113.92,30.03,11.9951
113.93,30.03,11.9959
113.94,30.03,11.9967
113.95,30.03,11.9975
113.96,30.03,11.9983
113.97,30.03,11.9991
113.98,30.03,11.9999
113.99,30.03,12.0007
114.00,30.03,12.0015
114.01,30.03,12.0023
114.02,30.03,12.0031
114.03,30.03,12.0039
114.04,30.03,12.0047
114.05,30.03,12.0055
114.06,30.03,12.0063
114.07,30.03,12.0071
114.08,30.03,12.0079
114.09,30.03,12.0087
114.10,30.03,12.0095
113.90,30.04,11.9940
113.91,30.04,11.9948
113.92,30.04,11.9956
113.93,30.04,11.9964
113.94,30.04,11.9972
113.95,30.04,11.9980
113.96,30.04,11.9988
113.97,30.04,11.9996
113.98,30.04,12.0004
113.99,30.04,12.0012
114.00,30.04,12.0020
114.01,30.04,12.0028
114.02,30.04,12.0036
114.03,30.04,12.0044
114.04,30.04,12.0052
114.05,30.04,12.0060
114.06,30.04,12.0068
114.07,30.04,12.0076
114.08,30.04,12.0084
114.09,30.04,12.0092
114.10,30.04,12.0100
113.90,30.05,11.9945
113.91,30.05,11.9953
113.92,30.05,11.9961
113.93,30.05,11.9969
113.94,30.05,11.9977
113.95,30.05,11.9985
113.96,30.05,11.9993
113.97,30.05,12.0001
113.98,30.05,12.0009
113.99,30.05,12.0017
114.00,30.05,12.0025
114.01,30.05,12.0033
114.02,30.05,12.0041
114.03,30.05,12.0049
114.04,30.05,12.0057
114.05,30.05,12.0065
114.06,30.05,12.0073
114.07,30.05,12.0081
114.08,30.05,12.0089
114.09,30.05,12.0097
114.10,30.05,12.0105
113.90,30.06,11.9950
113.91,30.06,11.9958
113.92,30.06,11.9966
113.93,30.06,11.9974
113.94,30.06,11.9982
113.95,30.06,11.9990
113.96,30.06,11.9998
113.97,30.06,12.0006
113.98,30.06,12.0014
113.99,30.06,12.0022
114.00,30.06,12.0030
114.01,30.06,12.0038
114.02,30.06,12.0046
114.03,30.06,12.0054
114.04,30.06,12.0062
114.05,30.06,12.0070
114.06,30.06,12.0078
114.07,30.06,12.0086
114.08,30.06,12.0094
114.09,30.06,12.0102
114.10,30.06,12.0110
113.90,30.07,11.9955
113.91,30.07,11.9963
113.92,30.07,11.9971
113.93,30.07,11.9979
113.94,30.07,11.9987
113.95,30.07,11.9995
113.96,30.07,12.0003
113.97,30.07,12.0011
113.98,30.07,12.0019
113.99,30.07,12.0027
114.00,30.07,12.0035
114.01,30.07,12.0043
114.02,30.07,12.0051
114.03,30.07,12.0059
114.04,30.07,12.0067
114.05,30.07,12.0075
114.06,30.07,12.0083
114.07,30.07,12.0091
114.08,30.07,12.0099
114.09,30.07,12.0107
114.10,30.07,12.0115
113.90,30.08,11.9960
113.91,30.08,11.9968
113.92,30.08,11.9976
113.93,30.08,11.9984
113.94,30.08,11.9992
113.95,30.08,12.0000
113.96,30.08,12.0008
113.97,30.08,12.0016
113.98,30.08,12.0024
113.99,30.08,12.0032
114.00,30.08,12.0040
114.01,30.08,12.0048
114.02,30.08,12.0056
114.03,30.08,12.0064
114.04,30.08,12.0072
114.05,30.08,12.0080
114.06,30.08,12.0088
114.07,30.08,12.0096
114.08,30.08,12.0104
114.09,30.08,12.0112
114.10,30.08,12.0120
113.90,30.09,11.9965
113.91,30.09,11.9973
113.92,30.09,11.9981
113.93,30.09,11.9989
113.94,30.09,11.9997
113.95,30.09,12.0005
113.96,30.09,12.0013
113.97,30.09,12.0021
113.98,30.09,12.0029
113.99,30.09,12.0037
114.00,30.09,12.0045
114.01,30.09,12.0053
114.02,30.09,12.0061
114.03,30.09,12.0069
114.04,30.09,12.0077
114.05,30.09,12.0085
114.06,30.09,12.0093
114.07,30.09,12.0101
114.08,30.09,12.0109
114.09,30.09,12.0117
114.10,30.09,12.0125
113.90,30.10,11.9970
113.91,30.10,11.9978
113.92,30.10,11.9986
113.93,30.10,11.9994
113.94,30.10,12.0002
113.95,30.10,12.0010
113.96,30.10,12.0018
113.97,30.10,12.0026
113.98,30.10,12.0034
113.99,30.10,12.0042
114.00,30.10,12.0050
114.01,30.10,12.0058
114.02,30.10,12.0066
114.03,30.10,12.0074
114.04,30.10,12.0082
114.05,30.10,12.0090
114.06,30.10,12.0098
114.07,30.10,12.0106
114.08,30.10,12.0114
114.09,30.10,12.0122
114.10,30.10,12.0130
