# 控制点样本_空间对（源=WGS84 BLH, 目标=转换后 BLH; 角度度, 高程米）
# 真值七参数: dx=+1.234, dy=−2.345, dz=+3.456 m; rx=+0.30″, ry=−0.20″, rz=+0.15″; scale=+2.5ppm
点名,源B,源L,源H,目标B,目标L,目标H
S1,30.030459853,114.091062916,44.5647,30.030551943,114.091151479,59.9509
S2,29.908755065,114.078380334,58.3538,29.908847166,114.078468647,73.7381
S3,29.904005917,113.955726605,47.7952,29.904098195,113.955814788,63.1720
S4,30.067842517,113.955706860,58.2860,30.067934811,113.955795357,73.6808
S5,30.017428610,113.984399915,59.9365,30.017520852,113.984488343,75.3248
S6,29.944941046,113.900815545,31.0129,29.945033406,113.900903753,46.3894
S7,30.050358454,113.961784754,33.5568,30.050450732,113.961873225,48.9540
S8,29.952738439,114.090350803,52.8360,29.952830525,114.090439216,68.2119
S9,29.983995582,114.067640956,33.7841,29.984087704,114.067729407,49.1716
S10,29.990206277,114.007025651,40.2553,29.990298489,114.007114051,55.6424
