# 控制点样本_平面对（源=WGS84投影平面, 目标=地方坐标系; x北,y东）
# 真值四参数: dx=102.3456, dy=-56.7890, scale=0.999997500, rot=+0.25″
点名,源x,源y,源h,目标x,目标y,目标h
P1,3355095.8242,500719.3256,53.3515,3355189.1786,500665.3429,53.4071
P2,3353755.5138,501613.8081,35.8392,3353848.8673,501559.8282,35.8487
P3,3355434.3917,499717.0710,44.0016,3355527.7445,499663.1004,44.0733
P4,3354789.4721,498636.1936,31.3141,3354882.8295,498582.2271,31.4009
P5,3352376.7094,500272.9239,34.6287,3352470.0604,500218.9510,34.6434
P6,3355902.4894,497819.0863,50.4915,3355995.8403,497765.1242,50.6119
P7,3355044.5588,501638.1559,52.3429,3355137.9064,501584.1774,52.3792
P8,3355144.2572,500658.3220,59.0253,3355237.6050,500604.3456,59.0855
P9,3352512.4545,501290.4387,39.7748,3352605.8099,501236.4641,39.7719
P10,3353801.5438,499272.6298,41.1138,3353894.9072,499218.6566,41.1678
P11,3353483.1921,502353.4901,44.0867,3353576.5408,502299.5034,44.0934
P12,3355707.0600,501965.6056,35.6841,3355800.4127,501911.6232,35.7359
