# 精度对比样本（列: 点名,lon,lat,H_ell,H_normal）
# H_normal = H_ell − ξ(样例格网) + N(0,0.02) 种子7
点名,lon,lat,H_ell,H_normal
G1,114.020015,30.063554,54.3921,42.3696
G2,113.968027,30.059769,35.1316,23.1580
G3,114.047531,29.994870,42.5758,30.5794
G4,113.960779,29.991212,47.6137,35.6312
G5,114.079280,30.046826,50.5545,38.5200
G6,113.954449,29.945634,50.3135,38.3253
G7,113.925709,30.002382,46.6552,34.6502
G8,114.020676,30.002259,47.4218,35.4105
G9,113.950784,30.030725,40.0152,28.0014
G10,113.920597,30.052808,38.8615,26.8630
G11,114.060853,30.001567,56.1788,44.1753
G12,114.038683,29.934639,48.5286,36.5312
G13,114.059414,29.977802,49.9546,37.9270
G14,113.982021,29.971686,38.7550,26.7715
G15,113.980711,30.076600,49.7498,37.7340
